{"cameraMode":{"drawMode":0,"name":"Shaded","section":"Shading Mode"},"sceneLighting":false,"audioPlay":false,"sceneViewState":{"showFog":true,"showMaterialUpdate":false,"showSkybox":true,"showFlares":true,"showImageEffects":true,"showParticleSystems":true},"in2DMode":false,"pivot":{"x":6.485785484313965,"y":32.45082473754883,"z":-29.5362548828125},"rotation":{"x":-0.3887678384780884,"y":0.0981229618191719,"z":-0.04168302193284035,"w":-0.9151562452316284},"size":0.945234477519989,"orthographic":false}