{"cameraMode":{"drawMode":0,"name":"Shaded","section":"Shading Mode"},"sceneLighting":true,"audioPlay":false,"sceneViewState":{"showFog":true,"showMaterialUpdate":false,"showSkybox":true,"showFlares":true,"showImageEffects":true,"showParticleSystems":true},"in2DMode":false,"pivot":{"x":-0.08394189178943634,"y":1.2590075731277466,"z":4.988935470581055},"rotation":{"x":-0.038106389343738559,"y":-0.01368662342429161,"z":0.0003706005809362978,"w":-0.9993467330932617},"size":1.6518263816833497,"orthographic":false}