{"cameraMode":{"drawMode":0,"name":"Shaded","section":"Shading Mode"},"sceneLighting":true,"audioPlay":false,"sceneViewState":{"showFog":true,"showMaterialUpdate":false,"showSkybox":true,"showFlares":true,"showImageEffects":true,"showParticleSystems":true},"in2DMode":false,"pivot":{"x":4.1270623207092289,"y":1.499502420425415,"z":0.08400499820709229},"rotation":{"x":0.18019717931747437,"y":0.679036557674408,"z":-0.17741799354553224,"w":0.689426064491272},"size":1.0598793029785157,"orthographic":false}