{"cameraMode":{"drawMode":0,"name":"Shaded","section":"Shading Mode"},"sceneLighting":true,"audioPlay":false,"sceneViewState":{"showFog":true,"showMaterialUpdate":false,"showSkybox":true,"showFlares":true,"showImageEffects":true,"showParticleSystems":true},"in2DMode":false,"pivot":{"x":0.7084364295005798,"y":1.7527440786361695,"z":-0.31901001930236819},"rotation":{"x":-0.24326488375663758,"y":-0.2675403356552124,"z":0.06999089568853378,"w":-0.9297282099723816},"size":2.1333658695220949,"orthographic":false}