{"cameraMode":{"drawMode":0,"name":"Shaded","section":"Shading Mode"},"sceneLighting":true,"audioPlay":false,"sceneViewState":{"showFog":true,"showMaterialUpdate":false,"showSkybox":true,"showFlares":true,"showImageEffects":true,"showParticleSystems":true},"in2DMode":false,"pivot":{"x":0.02724737860262394,"y":1.4684916734695435,"z":1.7300699949264527},"rotation":{"x":0.1603107899427414,"y":0.0709858387708664,"z":-0.011490198783576489,"w":0.9845066070556641},"size":0.16505417227745057,"orthographic":false}