{"cameraMode":{"drawMode":0,"name":"Shaded","section":"Shading Mode"},"sceneLighting":true,"audioPlay":false,"sceneViewState":{"showFog":true,"showMaterialUpdate":false,"showSkybox":true,"showFlares":true,"showImageEffects":true,"showParticleSystems":true},"in2DMode":false,"pivot":{"x":6.953314304351807,"y":0.9514781832695007,"z":1.0117069482803345},"rotation":{"x":-0.055111244320869449,"y":-0.6980533003807068,"z":0.053845010697841647,"w":-0.7121507525444031},"size":4.499576568603516,"orthographic":false}