{"cameraMode":{"drawMode":0,"name":"Shaded","section":"Shading Mode"},"sceneLighting":true,"audioPlay":false,"sceneViewState":{"showFog":true,"showMaterialUpdate":false,"showSkybox":true,"showFlares":true,"showImageEffects":true,"showParticleSystems":true},"in2DMode":false,"pivot":{"x":-0.06766203045845032,"y":1.3277194499969483,"z":5.190997123718262},"rotation":{"x":0.40422019362449648,"y":0.017049632966518403,"z":-0.007193552330136299,"w":0.9146848320960999},"size":0.27005475759506228,"orthographic":false}